<?xml version="1.0" encoding="UTF-8"?>
<project-private xmlns="http://www.netbeans.org/ns/project-private/1">
    <editor-bookmarks xmlns="http://www.netbeans.org/ns/editor-bookmarks/2" lastBookmarkId="0"/>
    <open-files xmlns="http://www.netbeans.org/ns/projectui-open-files/2">
        <group>
            <file>file:/D:/A_20/java2/serverlet/src/java/NewServlet.java</file>
            <file>file:/D:/A_20/java2/serverlet/src/java/NewClass.java</file>
            <file>file:/D:/A_20/java2/serverlet/src/java/welcomeservlet.java</file>
            <file>file:/D:/A_20/java2/serverlet/web/index.html</file>
            <file>file:/D:/A_20/java2/serverlet/web/WEB-INF/web.xml</file>
        </group>
    </open-files>
</project-private>
